{"cameraMode":{"drawMode":0,"name":"Shaded","section":"Shading Mode"},"sceneLighting":true,"audioPlay":false,"sceneViewState":{"showFog":true,"showMaterialUpdate":true,"showSkybox":true,"showFlares":true,"showImageEffects":true,"showParticleSystems":true},"in2DMode":false,"pivot":{"x":116.7963638305664,"y":119.24362182617188,"z":-16.996063232421876},"rotation":{"x":-0.41050615906715395,"y":0.03335971385240555,"z":-0.01503022387623787,"w":-0.9111265540122986},"size":50.0645866394043,"orthographic":false}