{"cameraMode":{"drawMode":0,"name":"Shaded","section":"Shading Mode"},"sceneLighting":true,"audioPlay":false,"sceneViewState":{"showFog":true,"showMaterialUpdate":true,"showSkybox":false,"showFlares":true,"showImageEffects":true,"showParticleSystems":true},"in2DMode":false,"pivot":{"x":-0.017632722854614259,"y":-0.06380978226661682,"z":-5.960464477539063e-8},"rotation":{"x":-0.26651614904403689,"y":0.15894988179206849,"z":-0.05026450753211975,"w":-0.9494065046310425},"size":44.737796783447269,"orthographic":false}