{"cameraMode":{"drawMode":0,"name":"Shaded","section":"Shading Mode"},"sceneLighting":false,"audioPlay":false,"sceneViewState":{"showFog":true,"showMaterialUpdate":true,"showSkybox":false,"showFlares":true,"showImageEffects":true,"showParticleSystems":true},"in2DMode":false,"pivot":{"x":-0.10890351235866547,"y":0.3083423972129822,"z":0.2627060115337372},"rotation":{"x":-0.19554680585861207,"y":0.0868169292807579,"z":-0.022726403549313546,"w":-0.9766412973403931},"size":5.425774574279785,"orthographic":false}