{"cameraMode":{"drawMode":0,"name":"Shaded","section":"Shading Mode"},"sceneLighting":true,"audioPlay":false,"sceneViewState":{"showFog":true,"showMaterialUpdate":true,"showSkybox":true,"showFlares":true,"showImageEffects":true,"showParticleSystems":true},"in2DMode":false,"pivot":{"x":156.14968872070313,"y":166.9028778076172,"z":-1.2129170894622803},"rotation":{"x":0.46624284982681277,"y":-0.1447506546974182,"z":0.07763794809579849,"w":0.8692746758460999},"size":71.40347290039063,"orthographic":false}