{"cameraMode":{"drawMode":0,"name":"Shaded","section":"Shading Mode"},"sceneLighting":true,"audioPlay":false,"sceneViewState":{"showFog":true,"showMaterialUpdate":true,"showSkybox":true,"showFlares":true,"showImageEffects":true,"showParticleSystems":true},"in2DMode":false,"pivot":{"x":142.66986083984376,"y":107.81303405761719,"z":-16.77051544189453},"rotation":{"x":-0.38027358055114748,"y":0.0980103462934494,"z":-0.04652802646160126,"w":-0.9186195731163025},"size":17.156198501586915,"orthographic":false}