{"cameraMode":{"drawMode":0,"name":"Shaded","section":"Shading Mode"},"sceneLighting":true,"audioPlay":false,"sceneViewState":{"showFog":true,"showMaterialUpdate":true,"showSkybox":true,"showFlares":true,"showImageEffects":true,"showParticleSystems":true},"in2DMode":false,"pivot":{"x":81.93472290039063,"y":-12.005970001220704,"z":78.64138793945313},"rotation":{"x":0.3692135214805603,"y":0.010466204956173897,"z":0.0018633365398272873,"w":0.9294272661209106},"size":285.81591796875,"orthographic":false}