{"cameraMode":{"drawMode":0,"name":"Shaded","section":"Shading Mode"},"sceneLighting":false,"audioPlay":false,"sceneViewState":{"showFog":true,"showMaterialUpdate":true,"showSkybox":false,"showFlares":true,"showImageEffects":true,"showParticleSystems":true},"in2DMode":false,"pivot":{"x":1.2640001773834229,"y":1.2039155960083008,"z":5.364418029785156e-7},"rotation":{"x":0.05110526829957962,"y":0.008956898003816605,"z":0.004867605399340391,"w":0.998712420463562},"size":4.702606678009033,"orthographic":false}