{"cameraMode":{"drawMode":0,"name":"Shaded","section":"Shading Mode"},"sceneLighting":true,"audioPlay":false,"sceneViewState":{"showFog":true,"showMaterialUpdate":true,"showSkybox":true,"showFlares":true,"showImageEffects":true,"showParticleSystems":true},"in2DMode":false,"pivot":{"x":110.0673599243164,"y":119.67446899414063,"z":-19.62952995300293},"rotation":{"x":-0.498790979385376,"y":0.06668189913034439,"z":-0.04546447843313217,"w":-0.8631216883659363},"size":285.81591796875,"orthographic":false}