{"cameraMode":{"drawMode":0,"name":"Shaded","section":"Shading Mode"},"sceneLighting":false,"audioPlay":false,"sceneViewState":{"showFog":true,"showMaterialUpdate":true,"showSkybox":false,"showFlares":true,"showImageEffects":true,"showParticleSystems":true},"in2DMode":false,"pivot":{"x":3.97568678855896,"y":4.107401371002197,"z":5.970913887023926},"rotation":{"x":0.010575389489531517,"y":0.9002076387405396,"z":-0.02188824862241745,"w":0.4348336160182953},"size":12.385316848754883,"orthographic":false}