{"cameraMode":{"drawMode":0,"name":"Shaded","section":"Shading Mode"},"sceneLighting":false,"audioPlay":false,"sceneViewState":{"showFog":true,"showMaterialUpdate":true,"showSkybox":false,"showFlares":true,"showImageEffects":true,"showParticleSystems":true},"in2DMode":false,"pivot":{"x":1.1920928955078126e-7,"y":1.4358172416687012,"z":-0.0000010132789611816407},"rotation":{"x":-0.18497051298618318,"y":0.10025476664304733,"z":-0.024308903142809869,"w":-0.9773763418197632},"size":5.416645526885986,"orthographic":false}