{"cameraMode":{"drawMode":0,"name":"Shaded","section":"Shading Mode"},"sceneLighting":true,"audioPlay":false,"sceneViewState":{"showFog":true,"showMaterialUpdate":true,"showSkybox":true,"showFlares":true,"showImageEffects":true,"showParticleSystems":true},"in2DMode":false,"pivot":{"x":82.27969360351563,"y":-49.66817092895508,"z":111.45562744140625},"rotation":{"x":0.4133435785770416,"y":0.026960479095578195,"z":-0.006012097932398319,"w":0.9103054404258728},"size":285.81591796875,"orthographic":false}