{"cameraMode":{"drawMode":0,"name":"Shaded","section":"Shading Mode"},"sceneLighting":true,"audioPlay":false,"sceneViewState":{"showFog":true,"showMaterialUpdate":true,"showSkybox":true,"showFlares":true,"showImageEffects":true,"showParticleSystems":true},"in2DMode":false,"pivot":{"x":222.049072265625,"y":-108.75035858154297,"z":194.86270141601563},"rotation":{"x":-0.30697959661483767,"y":-0.47854572534561159,"z":0.17594850063323975,"w":-0.803767740726471},"size":529.426025390625,"orthographic":false}