{"cameraMode":{"drawMode":0,"name":"Shaded","section":"Shading Mode"},"sceneLighting":false,"audioPlay":false,"sceneViewState":{"showFog":true,"showMaterialUpdate":true,"showSkybox":false,"showFlares":true,"showImageEffects":true,"showParticleSystems":true},"in2DMode":false,"pivot":{"x":1.357885479927063,"y":0.8493853211402893,"z":-4.172325134277344e-7},"rotation":{"x":0.05110526829957962,"y":0.008956898003816605,"z":0.004867605399340391,"w":0.998712420463562},"size":3.5804178714752199,"orthographic":false}