{"cameraMode":{"drawMode":0,"name":"Shaded","section":"Shading Mode"},"sceneLighting":true,"audioPlay":false,"sceneViewState":{"showFog":true,"showMaterialUpdate":true,"showSkybox":false,"showFlares":true,"showImageEffects":true,"showParticleSystems":true},"in2DMode":false,"pivot":{"x":16.943063735961915,"y":-14.165548324584961,"z":-9.00483226776123},"rotation":{"x":0.24142344295978547,"y":0.6277951598167419,"z":-0.20556192100048066,"w":0.711004912853241},"size":78.15587615966797,"orthographic":false}