{"cameraMode":{"drawMode":0,"name":"Shaded","section":"Shading Mode"},"sceneLighting":true,"audioPlay":false,"sceneViewState":{"showFog":true,"showMaterialUpdate":true,"showSkybox":true,"showFlares":true,"showImageEffects":true,"showParticleSystems":true},"in2DMode":false,"pivot":{"x":62.03700637817383,"y":77.51426696777344,"z":-152.88572692871095},"rotation":{"x":-0.3325667083263397,"y":-0.04228372871875763,"z":0.009155070409178734,"w":-0.9422101974487305},"size":17.191009521484376,"orthographic":false}