{"cameraMode":{"drawMode":0,"name":"Shaded","section":"Shading Mode"},"sceneLighting":false,"audioPlay":false,"sceneViewState":{"showFog":true,"showMaterialUpdate":true,"showSkybox":false,"showFlares":true,"showImageEffects":true,"showParticleSystems":true},"in2DMode":false,"pivot":{"x":-0.2766709625720978,"y":0.572127103805542,"z":0.7282049655914307},"rotation":{"x":0.13536927103996278,"y":-0.19437503814697267,"z":0.032583463937044147,"w":0.9710687398910523},"size":3.5804178714752199,"orthographic":false}