{"cameraMode":{"drawMode":0,"name":"Shaded","section":"Shading Mode"},"sceneLighting":false,"audioPlay":false,"sceneViewState":{"showFog":true,"showMaterialUpdate":true,"showSkybox":false,"showFlares":true,"showImageEffects":true,"showParticleSystems":true},"in2DMode":false,"pivot":{"x":0.45282936096191409,"y":-0.1301480382680893,"z":2.16013240814209},"rotation":{"x":-0.18497051298618318,"y":0.10025476664304733,"z":-0.024308903142809869,"w":-0.9773763418197632},"size":5.425774574279785,"orthographic":false}