{"cameraMode":{"drawMode":0,"name":"Shaded","section":"Shading Mode"},"sceneLighting":true,"audioPlay":false,"sceneViewState":{"showFog":true,"showMaterialUpdate":true,"showSkybox":true,"showFlares":true,"showImageEffects":true,"showParticleSystems":true},"in2DMode":false,"pivot":{"x":9.352559089660645,"y":136.1479949951172,"z":-157.7665557861328},"rotation":{"x":-0.2085123211145401,"y":-0.14524346590042115,"z":0.02572445571422577,"w":-0.9669545292854309},"size":17.156198501586915,"orthographic":false}