{"cameraMode":{"drawMode":0,"name":"Shaded","section":"Shading Mode"},"sceneLighting":false,"audioPlay":false,"sceneViewState":{"showFog":true,"showMaterialUpdate":true,"showSkybox":false,"showFlares":true,"showImageEffects":true,"showParticleSystems":true},"in2DMode":false,"pivot":{"x":1.3749992847442628,"y":0.6580957770347595,"z":-6.854534149169922e-7},"rotation":{"x":0.05110526829957962,"y":0.008956898003816605,"z":0.004867605399340391,"w":0.998712420463562},"size":2.8874616622924806,"orthographic":false}